supplier_id,supplier_name,avg_delay_days,delay_score,on_time_score,transparency_score
3,Cobalt Partners,1.3571428571428572,1.0,1.0,1.0
2,Beacon Supply,1.3783783783783783,0.817785527462948,0.713097713097713,0.755
5,Epsilon Goods,1.40625,0.5786290322580645,0.5384615384615387,0.555
1,Alpha Logistics,1.375,0.8467741935483875,0.0,0.339
4,Delta Trade,1.4736842105263157,0.0,0.19838056680161933,0.119
