product_id,product_name,avg_delay_days
101,Prod-101,2.076923076923077
103,Prod-103,2.0
102,Prod-102,1.9285714285714286
108,Prod-108,1.8461538461538463
106,Prod-106,1.7777777777777777
